{
 "train:test:valid": "0.8:0.1:0.1",
 "label_num": 4,
 "max_length": 1500,
 "min_length": -1500,
 "all.json": {
  "total": 6000,
  "0": 3000,
  "1": 1000,
  "2": 1000,
  "3": 1000
 },
 "train.json": {
  "total": 4800,
  "0": 2400,
  "1": 800,
  "2": 800,
  "3": 800
 },
 "test.json": {
  "total": 600,
  "0": 300,
  "1": 100,
  "2": 100,
  "3": 100
 },
 "valid.json": {
  "total": 600,
  "0": 300,
  "1": 100,
  "2": 100,
  "3": 100
 },
 "flow_length_30": 1.5666666666666667,
 "flow_length_31": 2.1333333333333333,
 "flow_length_32": 1.7166666666666668,
 "flow_length_33": 1.5166666666666666,
 "flow_length_34": 1.2666666666666666,
 "flow_length_35": 1.1666666666666667,
 "flow_length_36": 1.25,
 "flow_length_37": 0.9333333333333335,
 "flow_length_38": 1.0666666666666667,
 "flow_length_39": 2.15,
 "flow_length_40": 1.2166666666666666,
 "flow_length_41": 0.9833333333333333,
 "flow_length_42": 0.8500000000000001,
 "flow_length_43": 0.6833333333333333,
 "flow_length_44": 0.6666666666666667,
 "flow_length_45": 0.7000000000000001,
 "flow_length_46": 0.8999999999999999,
 "flow_length_47": 1.2166666666666666,
 "flow_length_48": 1.35,
 "flow_length_49": 0.7833333333333333,
 "flow_length_50": 0.8500000000000001,
 "flow_length_51": 0.8166666666666665,
 "flow_length_52": 1.9666666666666666,
 "flow_length_53": 0.5166666666666666,
 "flow_length_54": 0.7833333333333333,
 "flow_length_55": 0.8666666666666666,
 "flow_length_56": 0.8,
 "flow_length_57": 0.5333333333333333,
 "flow_length_58": 0.5333333333333333,
 "flow_length_59": 0.4333333333333333,
 "flow_length_60": 0.7166666666666667,
 "flow_length_61": 0.5333333333333333,
 "flow_length_62": 0.5166666666666666,
 "flow_length_63": 0.5,
 "flow_length_64": 0.7833333333333333,
 "flow_length_65": 0.6333333333333333,
 "flow_length_66": 0.5166666666666666,
 "flow_length_67": 0.46666666666666673,
 "flow_length_68": 0.6333333333333333,
 "flow_length_69": 0.4333333333333333,
 "flow_length_70": 0.3833333333333333,
 "flow_length_71": 0.7000000000000001,
 "flow_length_72": 0.6333333333333333,
 "flow_length_73": 0.33333333333333337,
 "flow_length_74": 0.44999999999999996,
 "flow_length_75": 0.3833333333333333,
 "flow_length_76": 0.8,
 "flow_length_77": 0.2833333333333333,
 "flow_length_78": 0.3833333333333333,
 "flow_length_79": 0.26666666666666666,
 "flow_length_80": 0.6166666666666667,
 "flow_length_81": 0.4333333333333333,
 "flow_length_82": 0.36666666666666664,
 "flow_length_83": 0.4,
 "flow_length_84": 0.2833333333333333,
 "flow_length_85": 0.15,
 "flow_length_86": 0.2833333333333333,
 "flow_length_87": 0.3833333333333333,
 "flow_length_88": 0.4333333333333333,
 "flow_length_89": 0.31666666666666665,
 "flow_length_90": 0.48333333333333334,
 "flow_length_91": 0.18333333333333332,
 "flow_length_92": 0.25,
 "flow_length_93": 0.26666666666666666,
 "flow_length_94": 0.36666666666666664,
 "flow_length_95": 0.33333333333333337,
 "flow_length_96": 0.3,
 "flow_length_97": 0.2833333333333333,
 "flow_length_98": 0.25,
 "flow_length_99": 0.2833333333333333,
 "flow_length_100": 50.76666666666667
}