{
 "train:test:valid": "0.8:0.1:0.1",
 "label_num": 5,
 "max_length": 1400,
 "min_length": -1400,
 "all.json": {
  "total": 4800,
  "0": 1200,
  "1": 1200,
  "2": 800,
  "3": 800,
  "4": 800
 },
 "train.json": {
  "total": 3840,
  "0": 960,
  "1": 960,
  "2": 640,
  "3": 640,
  "4": 640
 },
 "test.json": {
  "total": 480,
  "0": 120,
  "1": 120,
  "2": 80,
  "3": 80,
  "4": 80
 },
 "valid.json": {
  "total": 480,
  "0": 120,
  "1": 120,
  "2": 80,
  "3": 80,
  "4": 80
 },
 "flow_length_30": 15.125,
 "flow_length_31": 1.4166666666666665,
 "flow_length_32": 0.5625,
 "flow_length_33": 1.25,
 "flow_length_34": 0.14583333333333334,
 "flow_length_35": 0.10416666666666667,
 "flow_length_36": 0.10416666666666667,
 "flow_length_37": 0.020833333333333336,
 "flow_length_38": 0.14583333333333334,
 "flow_length_39": 0.10416666666666667,
 "flow_length_40": 0.20833333333333334,
 "flow_length_41": 0.14583333333333334,
 "flow_length_42": 0.27083333333333337,
 "flow_length_43": 0.14583333333333334,
 "flow_length_44": 0.16666666666666669,
 "flow_length_45": 0.125,
 "flow_length_46": 0.1875,
 "flow_length_47": 0.27083333333333337,
 "flow_length_48": 0.5416666666666667,
 "flow_length_49": 0.14583333333333334,
 "flow_length_50": 0.3125,
 "flow_length_51": 0.25,
 "flow_length_52": 0.20833333333333334,
 "flow_length_53": 0.1875,
 "flow_length_54": 0.16666666666666669,
 "flow_length_55": 0.10416666666666667,
 "flow_length_56": 0.16666666666666669,
 "flow_length_57": 0.08333333333333334,
 "flow_length_58": 0.08333333333333334,
 "flow_length_59": 0.10416666666666667,
 "flow_length_60": 0.125,
 "flow_length_61": 0.08333333333333334,
 "flow_length_62": 0.14583333333333334,
 "flow_length_63": 0.0625,
 "flow_length_64": 0.14583333333333334,
 "flow_length_65": 0.10416666666666667,
 "flow_length_66": 0.125,
 "flow_length_67": 0.20833333333333334,
 "flow_length_68": 0.08333333333333334,
 "flow_length_69": 0.14583333333333334,
 "flow_length_70": 0.20833333333333334,
 "flow_length_71": 0.125,
 "flow_length_72": 0.16666666666666669,
 "flow_length_73": 0.125,
 "flow_length_74": 0.08333333333333334,
 "flow_length_75": 0.10416666666666667,
 "flow_length_76": 0.22916666666666666,
 "flow_length_77": 0.22916666666666666,
 "flow_length_78": 0.10416666666666667,
 "flow_length_79": 0.125,
 "flow_length_80": 0.16666666666666669,
 "flow_length_81": 0.16666666666666669,
 "flow_length_82": 0.20833333333333334,
 "flow_length_83": 0.10416666666666667,
 "flow_length_84": 0.20833333333333334,
 "flow_length_85": 0.125,
 "flow_length_86": 0.27083333333333337,
 "flow_length_87": 0.14583333333333334,
 "flow_length_88": 0.125,
 "flow_length_89": 0.22916666666666666,
 "flow_length_90": 0.2916666666666667,
 "flow_length_91": 0.3125,
 "flow_length_92": 0.22916666666666666,
 "flow_length_93": 0.3125,
 "flow_length_94": 0.7916666666666667,
 "flow_length_95": 0.6875,
 "flow_length_96": 0.47916666666666663,
 "flow_length_97": 0.39583333333333337,
 "flow_length_98": 0.14583333333333334,
 "flow_length_99": 0.20833333333333334,
 "flow_length_100": 68.8125
}